val_loss,val_final_out_loss,val_l2_loss1_loss,val_final_out_accuracy,val_l2_loss1_accuracy,loss,final_out_loss,l2_loss1_loss,final_out_accuracy,l2_loss1_accuracy
1.669751763343811,1.6551601886749268,0.03647882118821144,0.4289473593235016,1.0,1.679318272089933,1.616653561592102,0.1538819968700409,0.4471246004104614,0.9912673234939575
1.5999664068222046,1.555049180984497,0.11229315400123596,0.4131578803062439,1.0,1.4278737949741027,1.3165357112884521,0.2759090065956116,0.5966453552246094,0.9236688017845154
